{
  "content": [
    {
      "path": "ContentInfo/vk-lmmg/Thumbnail.jpg",
      "size": 73670,
      "date": 132612265738258488
    },
    {
      "path": "MaterialLibs/textures/Library.xml",
      "size": 3274,
      "date": 133041589256242238
    },
    {
      "path": "MaterialLibs/textures/Textures/BLACK.PNG.DDS",
      "size": 349700,
      "date": 133041589280018166
    },
    {
      "path": "MaterialLibs/textures/Textures/black.png.DDS.FLAGS",
      "size": 39,
      "date": 132615837127954249
    },
    {
      "path": "MaterialLibs/textures/Textures/BLACK.PNG.DDS.json",
      "size": 199,
      "date": 133041589280013166
    },
    {
      "path": "MaterialLibs/textures/Textures/PATHWAY.JPG.DDS",
      "size": 22369796,
      "date": 133041589278953168
    },
    {
      "path": "MaterialLibs/textures/Textures/pathway.jpg.DDS.FLAGS",
      "size": 39,
      "date": 132613023712380581
    },
    {
      "path": "MaterialLibs/textures/Textures/PATHWAY.JPG.DDS.json",
      "size": 232,
      "date": 133041589278843158
    },
    {
      "path": "MaterialLibs/textures/Textures/STOP.PNG.DDS",
      "size": 2766372,
      "date": 133041589259202225
    },
    {
      "path": "MaterialLibs/textures/Textures/STOP.png.DDS.FLAGS",
      "size": 39,
      "date": 132613017609517207
    },
    {
      "path": "MaterialLibs/textures/Textures/STOP.PNG.DDS.json",
      "size": 198,
      "date": 133041589259182221
    },
    {
      "path": "scenery/lmmgscn.bgl",
      "size": 12834,
      "date": 133041591825128014
    }
  ]
}