{
  "content": [
    {
      "path": "ContentInfo/vikingstudios-airport-lmmg-xewkija/ContentHistory.json",
      "size": 158,
      "date": 133517935101394233
    },
    {
      "path": "ContentInfo/vikingstudios-airport-lmmg-xewkija/Thumbnail.jpg",
      "size": 73670,
      "date": 132612265730000000
    },
    {
      "path": "MaterialLibs/textures/Library.xml",
      "size": 3274,
      "date": 133517935081519394
    },
    {
      "path": "MaterialLibs/textures/Textures/black.png.DDS",
      "size": 349700,
      "date": 132615836730000000
    },
    {
      "path": "MaterialLibs/textures/Textures/black.png.DDS.FLAGS",
      "size": 39,
      "date": 132615837120000000
    },
    {
      "path": "MaterialLibs/textures/Textures/black.png.DDS.json",
      "size": 199,
      "date": 132615836730000000
    },
    {
      "path": "MaterialLibs/textures/Textures/pathway.jpg.DDS",
      "size": 22369796,
      "date": 132613022960000000
    },
    {
      "path": "MaterialLibs/textures/Textures/pathway.jpg.DDS.FLAGS",
      "size": 39,
      "date": 132613023710000000
    },
    {
      "path": "MaterialLibs/textures/Textures/pathway.jpg.DDS.json",
      "size": 232,
      "date": 132613022960000000
    },
    {
      "path": "MaterialLibs/textures/Textures/STOP.png.DDS",
      "size": 2766372,
      "date": 132613015850000000
    },
    {
      "path": "MaterialLibs/textures/Textures/STOP.png.DDS.FLAGS",
      "size": 39,
      "date": 132613017600000000
    },
    {
      "path": "MaterialLibs/textures/Textures/STOP.png.DDS.json",
      "size": 198,
      "date": 132613015850000000
    },
    {
      "path": "scenery/lmmgscn.bgl",
      "size": 13094,
      "date": 133517935081444184
    }
  ]
}