<Library Version="1.1.0">
	<Material Version="1.4.0" Name="black" Guid="{E2EE94A8-0D7B-4961-9FE0-AE2C0502AD80}" SurfaceType="UNDEFINED" Type="CODE_DIFFUSE" Metal="0.000000" Rough="0.000000" Opacity="1.000000" BlendMode="Transparent">
		<TagList/>
		<FlagList/>
		<TextureList>
			<Texture FileName="TEXTURES\BLACK.PNG.DDS" Binding="MTL_BITMAP_DECAL0"/>
		</TextureList>
		<Attributes>
			<Diffuse Red="1.000000" Green="1.000000" Blue="1.000000"/>
			<Emissive Red="0.000000" Green="0.000000" Blue="0.000000"/>
			<UVOffset U="0.000000" V="0.000000"/>
			<UVScale U="1.000000" V="1.000000"/>
			<UVRotate>0.000000</UVRotate>
			<ExtraParameters>
				<Parameter Value="0.000000"/>
				<Parameter Value="0.000000"/>
				<Parameter Value="0.000000"/>
				<Parameter Value="0.000000"/>
				<Parameter Value="0.000000"/>
				<Parameter Value="0.000000"/>
				<Parameter Value="0.000000"/>
				<Parameter Value="0.000000"/>
				<Parameter Value="0.000000"/>
				<Parameter Value="0.000000"/>
				<Parameter Value="0.000000"/>
				<Parameter Value="0.000000"/>
			</ExtraParameters>
		</Attributes>
	</Material>
	<Material Version="1.4.0" Name="pathway" Guid="{C2BCE83D-F006-4CC3-AADF-7124D71CFDAB}" SurfaceType="UNDEFINED" Type="CODE_DIFFUSE" Metal="0.000000" Rough="0.000000" Opacity="1.000000" BlendMode="Transparent">
		<TagList/>
		<FlagList/>
		<TextureList>
			<Texture FileName="TEXTURES\PATHWAY.JPG.DDS" Binding="MTL_BITMAP_DECAL0"/>
		</TextureList>
		<Attributes>
			<Diffuse Red="1.000000" Green="1.000000" Blue="1.000000"/>
			<Emissive Red="0.000000" Green="0.000000" Blue="0.000000"/>
			<UVOffset U="0.000000" V="0.000000"/>
			<UVScale U="1.000000" V="1.000000"/>
			<UVRotate>0.000000</UVRotate>
			<ExtraParameters>
				<Parameter Value="0.000000"/>
				<Parameter Value="0.000000"/>
				<Parameter Value="0.000000"/>
				<Parameter Value="0.000000"/>
				<Parameter Value="0.000000"/>
				<Parameter Value="0.000000"/>
				<Parameter Value="0.000000"/>
				<Parameter Value="0.000000"/>
				<Parameter Value="0.000000"/>
				<Parameter Value="0.000000"/>
				<Parameter Value="0.000000"/>
				<Parameter Value="0.000000"/>
			</ExtraParameters>
		</Attributes>
	</Material>
	<Material Version="1.4.0" Name="STOP" Guid="{2AD36D81-1AC4-4347-8F42-CBA291472C3E}" SurfaceType="UNDEFINED" Type="CODE_DIFFUSE" Metal="0.000000" Rough="0.000000" Opacity="1.000000" BlendMode="Transparent">
		<TagList/>
		<FlagList/>
		<TextureList>
			<Texture FileName="TEXTURES\STOP.PNG.DDS" Binding="MTL_BITMAP_DECAL0"/>
		</TextureList>
		<Attributes>
			<Diffuse Red="1.000000" Green="1.000000" Blue="1.000000"/>
			<Emissive Red="0.000000" Green="0.000000" Blue="0.000000"/>
			<UVOffset U="0.000000" V="0.000000"/>
			<UVScale U="1.000000" V="1.000000"/>
			<UVRotate>0.000000</UVRotate>
			<ExtraParameters>
				<Parameter Value="0.000000"/>
				<Parameter Value="0.000000"/>
				<Parameter Value="0.000000"/>
				<Parameter Value="0.000000"/>
				<Parameter Value="0.000000"/>
				<Parameter Value="0.000000"/>
				<Parameter Value="0.000000"/>
				<Parameter Value="0.000000"/>
				<Parameter Value="0.000000"/>
				<Parameter Value="0.000000"/>
				<Parameter Value="0.000000"/>
				<Parameter Value="0.000000"/>
			</ExtraParameters>
		</Attributes>
	</Material>
</Library>

